episode_id,episode_label,sensor_origin,sensor_types,objects
1,episode-1,"[0.0, 0.0, 0.3]","[""ultrasound"", ""wifi"", ""uwb""]","[{""id"": 1, ""kind"": ""floor"", ""center"": [0.0, 0.0, 0.0], ""size"": [3.0, 3.0, 0.1], ""material"": ""wood""}, {""id"": 2, ""kind"": ""wall"", ""center"": [1.0, 0.0, 1.25], ""size"": [0.1, 3.0, 2.5], ""material"": ""wood""}, {""id"": 3, ""kind"": ""table"", ""center"": [0.0, 0.0, 0.4], ""size"": [1.2, 0.6, 0.05], ""material"": ""wood""}, {""id"": 4, ""kind"": ""human"", ""center"": [0.0, 0.0, 0.8], ""size"": [0.6, 0.4, 0.7], ""material"": ""human""}, {""id"": 5, ""kind"": ""cup"", ""center"": [0.0, 0.0, 0.75], ""size"": [0.08, 0.08, 0.1], ""material"": ""ceramic""}, {""id"": 6, ""kind"": ""glass_wall"", ""center"": [-1.45, 0.0, 1.25], ""size"": [0.05, 3.0, 2.0], ""material"": ""glass""}]"
2,episode-2,"[0.0, 0.0, 0.3]","[""ultrasound"", ""wifi"", ""uwb""]","[{""id"": 1, ""kind"": ""floor"", ""center"": [0.0, 0.0, 0.0], ""size"": [3.0, 3.0, 0.1], ""material"": ""wood""}, {""id"": 2, ""kind"": ""wall"", ""center"": [1.0, 0.0, 1.25], ""size"": [0.1, 3.0, 2.5], ""material"": ""wood""}, {""id"": 3, ""kind"": ""table"", ""center"": [0.0, 0.0, 0.4], ""size"": [1.2, 0.6, 0.05], ""material"": ""wood""}, {""id"": 4, ""kind"": ""human"", ""center"": [0.0, 0.0, 0.8], ""size"": [0.6, 0.4, 0.7], ""material"": ""human""}, {""id"": 5, ""kind"": ""cup"", ""center"": [0.0, 0.0, 0.75], ""size"": [0.08, 0.08, 0.1], ""material"": ""ceramic""}, {""id"": 6, ""kind"": ""glass_wall"", ""center"": [-1.45, 0.0, 1.25], ""size"": [0.05, 3.0, 2.0], ""material"": ""glass""}]"
3,episode-3,"[0.0, 0.0, 0.3]","[""ultrasound"", ""wifi"", ""uwb""]","[{""id"": 1, ""kind"": ""floor"", ""center"": [0.0, 0.0, 0.0], ""size"": [3.0, 3.0, 0.1], ""material"": ""wood""}, {""id"": 2, ""kind"": ""wall"", ""center"": [1.0, 0.0, 1.25], ""size"": [0.1, 3.0, 2.5], ""material"": ""wood""}, {""id"": 3, ""kind"": ""table"", ""center"": [0.0, 0.0, 0.4], ""size"": [1.2, 0.6, 0.05], ""material"": ""wood""}, {""id"": 4, ""kind"": ""human"", ""center"": [0.0, 0.0, 0.8], ""size"": [0.6, 0.4, 0.7], ""material"": ""human""}, {""id"": 5, ""kind"": ""cup"", ""center"": [0.0, 0.0, 0.75], ""size"": [0.08, 0.08, 0.1], ""material"": ""ceramic""}, {""id"": 6, ""kind"": ""glass_wall"", ""center"": [-1.45, 0.0, 1.25], ""size"": [0.05, 3.0, 2.0], ""material"": ""glass""}]"
4,episode-4,"[0.0, 0.0, 0.3]","[""ultrasound"", ""wifi"", ""uwb""]","[{""id"": 1, ""kind"": ""floor"", ""center"": [0.0, 0.0, 0.0], ""size"": [3.0, 3.0, 0.1], ""material"": ""wood""}, {""id"": 2, ""kind"": ""wall"", ""center"": [1.0, 0.0, 1.25], ""size"": [0.1, 3.0, 2.5], ""material"": ""wood""}, {""id"": 3, ""kind"": ""table"", ""center"": [0.0, 0.0, 0.4], ""size"": [1.2, 0.6, 0.05], ""material"": ""wood""}, {""id"": 4, ""kind"": ""human"", ""center"": [0.0, 0.0, 0.8], ""size"": [0.6, 0.4, 0.7], ""material"": ""human""}, {""id"": 5, ""kind"": ""cup"", ""center"": [0.0, 0.0, 0.75], ""size"": [0.08, 0.08, 0.1], ""material"": ""ceramic""}, {""id"": 6, ""kind"": ""glass_wall"", ""center"": [-1.45, 0.0, 1.25], ""size"": [0.05, 3.0, 2.0], ""material"": ""glass""}]"
5,episode-5,"[0.0, 0.0, 0.3]","[""ultrasound"", ""wifi"", ""uwb""]","[{""id"": 1, ""kind"": ""floor"", ""center"": [0.0, 0.0, 0.0], ""size"": [3.0, 3.0, 0.1], ""material"": ""wood""}, {""id"": 2, ""kind"": ""wall"", ""center"": [1.0, 0.0, 1.25], ""size"": [0.1, 3.0, 2.5], ""material"": ""wood""}, {""id"": 3, ""kind"": ""table"", ""center"": [0.0, 0.0, 0.4], ""size"": [1.2, 0.6, 0.05], ""material"": ""wood""}, {""id"": 4, ""kind"": ""human"", ""center"": [0.0, 0.0, 0.8], ""size"": [0.6, 0.4, 0.7], ""material"": ""human""}, {""id"": 5, ""kind"": ""cup"", ""center"": [0.0, 0.0, 0.75], ""size"": [0.08, 0.08, 0.1], ""material"": ""ceramic""}, {""id"": 6, ""kind"": ""glass_wall"", ""center"": [-1.45, 0.0, 1.25], ""size"": [0.05, 3.0, 2.0], ""material"": ""glass""}]"
6,episode-6,"[0.0, 0.0, 0.3]","[""ultrasound"", ""wifi"", ""uwb""]","[{""id"": 1, ""kind"": ""floor"", ""center"": [0.0, 0.0, 0.0], ""size"": [3.0, 3.0, 0.1], ""material"": ""wood""}, {""id"": 2, ""kind"": ""wall"", ""center"": [1.0, 0.0, 1.25], ""size"": [0.1, 3.0, 2.5], ""material"": ""wood""}, {""id"": 3, ""kind"": ""table"", ""center"": [0.0, 0.0, 0.4], ""size"": [1.2, 0.6, 0.05], ""material"": ""wood""}, {""id"": 4, ""kind"": ""human"", ""center"": [0.0, 0.0, 0.8], ""size"": [0.6, 0.4, 0.7], ""material"": ""human""}, {""id"": 5, ""kind"": ""cup"", ""center"": [0.0, 0.0, 0.75], ""size"": [0.08, 0.08, 0.1], ""material"": ""ceramic""}, {""id"": 6, ""kind"": ""glass_wall"", ""center"": [-1.45, 0.0, 1.25], ""size"": [0.05, 3.0, 2.0], ""material"": ""glass""}]"
7,episode-7,"[0.0, 0.0, 0.3]","[""ultrasound"", ""wifi"", ""uwb""]","[{""id"": 1, ""kind"": ""floor"", ""center"": [0.0, 0.0, 0.0], ""size"": [3.0, 3.0, 0.1], ""material"": ""wood""}, {""id"": 2, ""kind"": ""wall"", ""center"": [1.0, 0.0, 1.25], ""size"": [0.1, 3.0, 2.5], ""material"": ""wood""}, {""id"": 3, ""kind"": ""table"", ""center"": [0.0, 0.0, 0.4], ""size"": [1.2, 0.6, 0.05], ""material"": ""wood""}, {""id"": 4, ""kind"": ""human"", ""center"": [0.0, 0.0, 0.8], ""size"": [0.6, 0.4, 0.7], ""material"": ""human""}, {""id"": 5, ""kind"": ""cup"", ""center"": [0.0, 0.0, 0.75], ""size"": [0.08, 0.08, 0.1], ""material"": ""ceramic""}, {""id"": 6, ""kind"": ""glass_wall"", ""center"": [-1.45, 0.0, 1.25], ""size"": [0.05, 3.0, 2.0], ""material"": ""glass""}]"
8,episode-8,"[0.0, 0.0, 0.3]","[""ultrasound"", ""wifi"", ""uwb""]","[{""id"": 1, ""kind"": ""floor"", ""center"": [0.0, 0.0, 0.0], ""size"": [3.0, 3.0, 0.1], ""material"": ""wood""}, {""id"": 2, ""kind"": ""wall"", ""center"": [1.0, 0.0, 1.25], ""size"": [0.1, 3.0, 2.5], ""material"": ""wood""}, {""id"": 3, ""kind"": ""table"", ""center"": [0.0, 0.0, 0.4], ""size"": [1.2, 0.6, 0.05], ""material"": ""wood""}, {""id"": 4, ""kind"": ""human"", ""center"": [0.0, 0.0, 0.8], ""size"": [0.6, 0.4, 0.7], ""material"": ""human""}, {""id"": 5, ""kind"": ""cup"", ""center"": [0.0, 0.0, 0.75], ""size"": [0.08, 0.08, 0.1], ""material"": ""ceramic""}, {""id"": 6, ""kind"": ""glass_wall"", ""center"": [-1.45, 0.0, 1.25], ""size"": [0.05, 3.0, 2.0], ""material"": ""glass""}]"
9,episode-9,"[0.0, 0.0, 0.3]","[""ultrasound"", ""wifi"", ""uwb""]","[{""id"": 1, ""kind"": ""floor"", ""center"": [0.0, 0.0, 0.0], ""size"": [3.0, 3.0, 0.1], ""material"": ""wood""}, {""id"": 2, ""kind"": ""wall"", ""center"": [1.0, 0.0, 1.25], ""size"": [0.1, 3.0, 2.5], ""material"": ""wood""}, {""id"": 3, ""kind"": ""table"", ""center"": [0.0, 0.0, 0.4], ""size"": [1.2, 0.6, 0.05], ""material"": ""wood""}, {""id"": 4, ""kind"": ""human"", ""center"": [0.0, 0.0, 0.8], ""size"": [0.6, 0.4, 0.7], ""material"": ""human""}, {""id"": 5, ""kind"": ""cup"", ""center"": [0.0, 0.0, 0.75], ""size"": [0.08, 0.08, 0.1], ""material"": ""ceramic""}, {""id"": 6, ""kind"": ""glass_wall"", ""center"": [-1.45, 0.0, 1.25], ""size"": [0.05, 3.0, 2.0], ""material"": ""glass""}]"
10,episode-10,"[0.0, 0.0, 0.3]","[""ultrasound"", ""wifi"", ""uwb""]","[{""id"": 1, ""kind"": ""floor"", ""center"": [0.0, 0.0, 0.0], ""size"": [3.0, 3.0, 0.1], ""material"": ""wood""}, {""id"": 2, ""kind"": ""wall"", ""center"": [1.0, 0.0, 1.25], ""size"": [0.1, 3.0, 2.5], ""material"": ""wood""}, {""id"": 3, ""kind"": ""table"", ""center"": [0.0, 0.0, 0.4], ""size"": [1.2, 0.6, 0.05], ""material"": ""wood""}, {""id"": 4, ""kind"": ""human"", ""center"": [0.0, 0.0, 0.8], ""size"": [0.6, 0.4, 0.7], ""material"": ""human""}, {""id"": 5, ""kind"": ""cup"", ""center"": [0.0, 0.0, 0.75], ""size"": [0.08, 0.08, 0.1], ""material"": ""ceramic""}, {""id"": 6, ""kind"": ""glass_wall"", ""center"": [-1.45, 0.0, 1.25], ""size"": [0.05, 3.0, 2.0], ""material"": ""glass""}]"
11,episode-11,"[0.0, 0.0, 0.3]","[""ultrasound"", ""wifi"", ""uwb""]","[{""id"": 1, ""kind"": ""floor"", ""center"": [0.0, 0.0, 0.0], ""size"": [3.0, 3.0, 0.1], ""material"": ""wood""}, {""id"": 2, ""kind"": ""wall"", ""center"": [1.0, 0.0, 1.25], ""size"": [0.1, 3.0, 2.5], ""material"": ""wood""}, {""id"": 3, ""kind"": ""table"", ""center"": [0.0, 0.0, 0.4], ""size"": [1.2, 0.6, 0.05], ""material"": ""wood""}, {""id"": 4, ""kind"": ""human"", ""center"": [0.0, 0.0, 0.8], ""size"": [0.6, 0.4, 0.7], ""material"": ""human""}, {""id"": 5, ""kind"": ""cup"", ""center"": [0.0, 0.0, 0.75], ""size"": [0.08, 0.08, 0.1], ""material"": ""ceramic""}, {""id"": 6, ""kind"": ""glass_wall"", ""center"": [-1.45, 0.0, 1.25], ""size"": [0.05, 3.0, 2.0], ""material"": ""glass""}]"
12,episode-12,"[0.0, 0.0, 0.3]","[""ultrasound"", ""wifi"", ""uwb""]","[{""id"": 1, ""kind"": ""floor"", ""center"": [0.0, 0.0, 0.0], ""size"": [3.0, 3.0, 0.1], ""material"": ""wood""}, {""id"": 2, ""kind"": ""wall"", ""center"": [1.0, 0.0, 1.25], ""size"": [0.1, 3.0, 2.5], ""material"": ""wood""}, {""id"": 3, ""kind"": ""table"", ""center"": [0.0, 0.0, 0.4], ""size"": [1.2, 0.6, 0.05], ""material"": ""wood""}, {""id"": 4, ""kind"": ""human"", ""center"": [0.0, 0.0, 0.8], ""size"": [0.6, 0.4, 0.7], ""material"": ""human""}, {""id"": 5, ""kind"": ""cup"", ""center"": [0.0, 0.0, 0.75], ""size"": [0.08, 0.08, 0.1], ""material"": ""ceramic""}, {""id"": 6, ""kind"": ""glass_wall"", ""center"": [-1.45, 0.0, 1.25], ""size"": [0.05, 3.0, 2.0], ""material"": ""glass""}]"
13,episode-13,"[0.0, 0.0, 0.3]","[""ultrasound"", ""wifi"", ""uwb""]","[{""id"": 1, ""kind"": ""floor"", ""center"": [0.0, 0.0, 0.0], ""size"": [3.0, 3.0, 0.1], ""material"": ""wood""}, {""id"": 2, ""kind"": ""wall"", ""center"": [1.0, 0.0, 1.25], ""size"": [0.1, 3.0, 2.5], ""material"": ""wood""}, {""id"": 3, ""kind"": ""table"", ""center"": [0.0, 0.0, 0.4], ""size"": [1.2, 0.6, 0.05], ""material"": ""wood""}, {""id"": 4, ""kind"": ""human"", ""center"": [0.0, 0.0, 0.8], ""size"": [0.6, 0.4, 0.7], ""material"": ""human""}, {""id"": 5, ""kind"": ""cup"", ""center"": [0.0, 0.0, 0.75], ""size"": [0.08, 0.08, 0.1], ""material"": ""ceramic""}, {""id"": 6, ""kind"": ""glass_wall"", ""center"": [-1.45, 0.0, 1.25], ""size"": [0.05, 3.0, 2.0], ""material"": ""glass""}]"
14,episode-14,"[0.0, 0.0, 0.3]","[""ultrasound"", ""wifi"", ""uwb""]","[{""id"": 1, ""kind"": ""floor"", ""center"": [0.0, 0.0, 0.0], ""size"": [3.0, 3.0, 0.1], ""material"": ""wood""}, {""id"": 2, ""kind"": ""wall"", ""center"": [1.0, 0.0, 1.25], ""size"": [0.1, 3.0, 2.5], ""material"": ""wood""}, {""id"": 3, ""kind"": ""table"", ""center"": [0.0, 0.0, 0.4], ""size"": [1.2, 0.6, 0.05], ""material"": ""wood""}, {""id"": 4, ""kind"": ""human"", ""center"": [0.0, 0.0, 0.8], ""size"": [0.6, 0.4, 0.7], ""material"": ""human""}, {""id"": 5, ""kind"": ""cup"", ""center"": [0.0, 0.0, 0.75], ""size"": [0.08, 0.08, 0.1], ""material"": ""ceramic""}, {""id"": 6, ""kind"": ""glass_wall"", ""center"": [-1.45, 0.0, 1.25], ""size"": [0.05, 3.0, 2.0], ""material"": ""glass""}]"
15,episode-15,"[0.0, 0.0, 0.3]","[""ultrasound"", ""wifi"", ""uwb""]","[{""id"": 1, ""kind"": ""floor"", ""center"": [0.0, 0.0, 0.0], ""size"": [3.0, 3.0, 0.1], ""material"": ""wood""}, {""id"": 2, ""kind"": ""wall"", ""center"": [1.0, 0.0, 1.25], ""size"": [0.1, 3.0, 2.5], ""material"": ""wood""}, {""id"": 3, ""kind"": ""table"", ""center"": [0.0, 0.0, 0.4], ""size"": [1.2, 0.6, 0.05], ""material"": ""wood""}, {""id"": 4, ""kind"": ""human"", ""center"": [0.0, 0.0, 0.8], ""size"": [0.6, 0.4, 0.7], ""material"": ""human""}, {""id"": 5, ""kind"": ""cup"", ""center"": [0.0, 0.0, 0.75], ""size"": [0.08, 0.08, 0.1], ""material"": ""ceramic""}, {""id"": 6, ""kind"": ""glass_wall"", ""center"": [-1.45, 0.0, 1.25], ""size"": [0.05, 3.0, 2.0], ""material"": ""glass""}]"
16,episode-16,"[0.0, 0.0, 0.3]","[""ultrasound"", ""wifi"", ""uwb""]","[{""id"": 1, ""kind"": ""floor"", ""center"": [0.0, 0.0, 0.0], ""size"": [3.0, 3.0, 0.1], ""material"": ""wood""}, {""id"": 2, ""kind"": ""wall"", ""center"": [1.0, 0.0, 1.25], ""size"": [0.1, 3.0, 2.5], ""material"": ""wood""}, {""id"": 3, ""kind"": ""table"", ""center"": [0.0, 0.0, 0.4], ""size"": [1.2, 0.6, 0.05], ""material"": ""wood""}, {""id"": 4, ""kind"": ""human"", ""center"": [0.0, 0.0, 0.8], ""size"": [0.6, 0.4, 0.7], ""material"": ""human""}, {""id"": 5, ""kind"": ""cup"", ""center"": [0.0, 0.0, 0.75], ""size"": [0.08, 0.08, 0.1], ""material"": ""ceramic""}, {""id"": 6, ""kind"": ""glass_wall"", ""center"": [-1.45, 0.0, 1.25], ""size"": [0.05, 3.0, 2.0], ""material"": ""glass""}]"
17,episode-17,"[0.0, 0.0, 0.3]","[""ultrasound"", ""wifi"", ""uwb""]","[{""id"": 1, ""kind"": ""floor"", ""center"": [0.0, 0.0, 0.0], ""size"": [3.0, 3.0, 0.1], ""material"": ""wood""}, {""id"": 2, ""kind"": ""wall"", ""center"": [1.0, 0.0, 1.25], ""size"": [0.1, 3.0, 2.5], ""material"": ""wood""}, {""id"": 3, ""kind"": ""table"", ""center"": [0.0, 0.0, 0.4], ""size"": [1.2, 0.6, 0.05], ""material"": ""wood""}, {""id"": 4, ""kind"": ""human"", ""center"": [0.0, 0.0, 0.8], ""size"": [0.6, 0.4, 0.7], ""material"": ""human""}, {""id"": 5, ""kind"": ""cup"", ""center"": [0.0, 0.0, 0.75], ""size"": [0.08, 0.08, 0.1], ""material"": ""ceramic""}, {""id"": 6, ""kind"": ""glass_wall"", ""center"": [-1.45, 0.0, 1.25], ""size"": [0.05, 3.0, 2.0], ""material"": ""glass""}]"
18,episode-18,"[0.0, 0.0, 0.3]","[""ultrasound"", ""wifi"", ""uwb""]","[{""id"": 1, ""kind"": ""floor"", ""center"": [0.0, 0.0, 0.0], ""size"": [3.0, 3.0, 0.1], ""material"": ""wood""}, {""id"": 2, ""kind"": ""wall"", ""center"": [1.0, 0.0, 1.25], ""size"": [0.1, 3.0, 2.5], ""material"": ""wood""}, {""id"": 3, ""kind"": ""table"", ""center"": [0.0, 0.0, 0.4], ""size"": [1.2, 0.6, 0.05], ""material"": ""wood""}, {""id"": 4, ""kind"": ""human"", ""center"": [0.0, 0.0, 0.8], ""size"": [0.6, 0.4, 0.7], ""material"": ""human""}, {""id"": 5, ""kind"": ""cup"", ""center"": [0.0, 0.0, 0.75], ""size"": [0.08, 0.08, 0.1], ""material"": ""ceramic""}, {""id"": 6, ""kind"": ""glass_wall"", ""center"": [-1.45, 0.0, 1.25], ""size"": [0.05, 3.0, 2.0], ""material"": ""glass""}]"
19,episode-19,"[0.0, 0.0, 0.3]","[""ultrasound"", ""wifi"", ""uwb""]","[{""id"": 1, ""kind"": ""floor"", ""center"": [0.0, 0.0, 0.0], ""size"": [3.0, 3.0, 0.1], ""material"": ""wood""}, {""id"": 2, ""kind"": ""wall"", ""center"": [1.0, 0.0, 1.25], ""size"": [0.1, 3.0, 2.5], ""material"": ""wood""}, {""id"": 3, ""kind"": ""table"", ""center"": [0.0, 0.0, 0.4], ""size"": [1.2, 0.6, 0.05], ""material"": ""wood""}, {""id"": 4, ""kind"": ""human"", ""center"": [0.0, 0.0, 0.8], ""size"": [0.6, 0.4, 0.7], ""material"": ""human""}, {""id"": 5, ""kind"": ""cup"", ""center"": [0.0, 0.0, 0.75], ""size"": [0.08, 0.08, 0.1], ""material"": ""ceramic""}, {""id"": 6, ""kind"": ""glass_wall"", ""center"": [-1.45, 0.0, 1.25], ""size"": [0.05, 3.0, 2.0], ""material"": ""glass""}]"
20,episode-20,"[0.0, 0.0, 0.3]","[""ultrasound"", ""wifi"", ""uwb""]","[{""id"": 1, ""kind"": ""floor"", ""center"": [0.0, 0.0, 0.0], ""size"": [3.0, 3.0, 0.1], ""material"": ""wood""}, {""id"": 2, ""kind"": ""wall"", ""center"": [1.0, 0.0, 1.25], ""size"": [0.1, 3.0, 2.5], ""material"": ""wood""}, {""id"": 3, ""kind"": ""table"", ""center"": [0.0, 0.0, 0.4], ""size"": [1.2, 0.6, 0.05], ""material"": ""wood""}, {""id"": 4, ""kind"": ""human"", ""center"": [0.0, 0.0, 0.8], ""size"": [0.6, 0.4, 0.7], ""material"": ""human""}, {""id"": 5, ""kind"": ""cup"", ""center"": [0.0, 0.0, 0.75], ""size"": [0.08, 0.08, 0.1], ""material"": ""ceramic""}, {""id"": 6, ""kind"": ""glass_wall"", ""center"": [-1.45, 0.0, 1.25], ""size"": [0.05, 3.0, 2.0], ""material"": ""glass""}]"
21,episode-21,"[0.0, 0.0, 0.3]","[""ultrasound"", ""wifi"", ""uwb""]","[{""id"": 1, ""kind"": ""floor"", ""center"": [0.0, 0.0, 0.0], ""size"": [3.0, 3.0, 0.1], ""material"": ""wood""}, {""id"": 2, ""kind"": ""wall"", ""center"": [1.0, 0.0, 1.25], ""size"": [0.1, 3.0, 2.5], ""material"": ""wood""}, {""id"": 3, ""kind"": ""table"", ""center"": [0.0, 0.0, 0.4], ""size"": [1.2, 0.6, 0.05], ""material"": ""wood""}, {""id"": 4, ""kind"": ""human"", ""center"": [0.0, 0.0, 0.8], ""size"": [0.6, 0.4, 0.7], ""material"": ""human""}, {""id"": 5, ""kind"": ""cup"", ""center"": [0.0, 0.0, 0.75], ""size"": [0.08, 0.08, 0.1], ""material"": ""ceramic""}, {""id"": 6, ""kind"": ""glass_wall"", ""center"": [-1.45, 0.0, 1.25], ""size"": [0.05, 3.0, 2.0], ""material"": ""glass""}]"
22,episode-22,"[0.0, 0.0, 0.3]","[""ultrasound"", ""wifi"", ""uwb""]","[{""id"": 1, ""kind"": ""floor"", ""center"": [0.0, 0.0, 0.0], ""size"": [3.0, 3.0, 0.1], ""material"": ""wood""}, {""id"": 2, ""kind"": ""wall"", ""center"": [1.0, 0.0, 1.25], ""size"": [0.1, 3.0, 2.5], ""material"": ""wood""}, {""id"": 3, ""kind"": ""table"", ""center"": [0.0, 0.0, 0.4], ""size"": [1.2, 0.6, 0.05], ""material"": ""wood""}, {""id"": 4, ""kind"": ""human"", ""center"": [0.0, 0.0, 0.8], ""size"": [0.6, 0.4, 0.7], ""material"": ""human""}, {""id"": 5, ""kind"": ""cup"", ""center"": [0.0, 0.0, 0.75], ""size"": [0.08, 0.08, 0.1], ""material"": ""ceramic""}, {""id"": 6, ""kind"": ""glass_wall"", ""center"": [-1.45, 0.0, 1.25], ""size"": [0.05, 3.0, 2.0], ""material"": ""glass""}]"
23,episode-23,"[0.0, 0.0, 0.3]","[""ultrasound"", ""wifi"", ""uwb""]","[{""id"": 1, ""kind"": ""floor"", ""center"": [0.0, 0.0, 0.0], ""size"": [3.0, 3.0, 0.1], ""material"": ""wood""}, {""id"": 2, ""kind"": ""wall"", ""center"": [1.0, 0.0, 1.25], ""size"": [0.1, 3.0, 2.5], ""material"": ""wood""}, {""id"": 3, ""kind"": ""table"", ""center"": [0.0, 0.0, 0.4], ""size"": [1.2, 0.6, 0.05], ""material"": ""wood""}, {""id"": 4, ""kind"": ""human"", ""center"": [0.0, 0.0, 0.8], ""size"": [0.6, 0.4, 0.7], ""material"": ""human""}, {""id"": 5, ""kind"": ""cup"", ""center"": [0.0, 0.0, 0.75], ""size"": [0.08, 0.08, 0.1], ""material"": ""ceramic""}, {""id"": 6, ""kind"": ""glass_wall"", ""center"": [-1.45, 0.0, 1.25], ""size"": [0.05, 3.0, 2.0], ""material"": ""glass""}]"
24,episode-24,"[0.0, 0.0, 0.3]","[""ultrasound"", ""wifi"", ""uwb""]","[{""id"": 1, ""kind"": ""floor"", ""center"": [0.0, 0.0, 0.0], ""size"": [3.0, 3.0, 0.1], ""material"": ""wood""}, {""id"": 2, ""kind"": ""wall"", ""center"": [1.0, 0.0, 1.25], ""size"": [0.1, 3.0, 2.5], ""material"": ""wood""}, {""id"": 3, ""kind"": ""table"", ""center"": [0.0, 0.0, 0.4], ""size"": [1.2, 0.6, 0.05], ""material"": ""wood""}, {""id"": 4, ""kind"": ""human"", ""center"": [0.0, 0.0, 0.8], ""size"": [0.6, 0.4, 0.7], ""material"": ""human""}, {""id"": 5, ""kind"": ""cup"", ""center"": [0.0, 0.0, 0.75], ""size"": [0.08, 0.08, 0.1], ""material"": ""ceramic""}, {""id"": 6, ""kind"": ""glass_wall"", ""center"": [-1.45, 0.0, 1.25], ""size"": [0.05, 3.0, 2.0], ""material"": ""glass""}]"
25,episode-25,"[0.0, 0.0, 0.3]","[""ultrasound"", ""wifi"", ""uwb""]","[{""id"": 1, ""kind"": ""floor"", ""center"": [0.0, 0.0, 0.0], ""size"": [3.0, 3.0, 0.1], ""material"": ""wood""}, {""id"": 2, ""kind"": ""wall"", ""center"": [1.0, 0.0, 1.25], ""size"": [0.1, 3.0, 2.5], ""material"": ""wood""}, {""id"": 3, ""kind"": ""table"", ""center"": [0.0, 0.0, 0.4], ""size"": [1.2, 0.6, 0.05], ""material"": ""wood""}, {""id"": 4, ""kind"": ""human"", ""center"": [0.0, 0.0, 0.8], ""size"": [0.6, 0.4, 0.7], ""material"": ""human""}, {""id"": 5, ""kind"": ""cup"", ""center"": [0.0, 0.0, 0.75], ""size"": [0.08, 0.08, 0.1], ""material"": ""ceramic""}, {""id"": 6, ""kind"": ""glass_wall"", ""center"": [-1.45, 0.0, 1.25], ""size"": [0.05, 3.0, 2.0], ""material"": ""glass""}]"
26,episode-26,"[0.0, 0.0, 0.3]","[""ultrasound"", ""wifi"", ""uwb""]","[{""id"": 1, ""kind"": ""floor"", ""center"": [0.0, 0.0, 0.0], ""size"": [3.0, 3.0, 0.1], ""material"": ""wood""}, {""id"": 2, ""kind"": ""wall"", ""center"": [1.0, 0.0, 1.25], ""size"": [0.1, 3.0, 2.5], ""material"": ""wood""}, {""id"": 3, ""kind"": ""table"", ""center"": [0.0, 0.0, 0.4], ""size"": [1.2, 0.6, 0.05], ""material"": ""wood""}, {""id"": 4, ""kind"": ""human"", ""center"": [0.0, 0.0, 0.8], ""size"": [0.6, 0.4, 0.7], ""material"": ""human""}, {""id"": 5, ""kind"": ""cup"", ""center"": [0.0, 0.0, 0.75], ""size"": [0.08, 0.08, 0.1], ""material"": ""ceramic""}, {""id"": 6, ""kind"": ""glass_wall"", ""center"": [-1.45, 0.0, 1.25], ""size"": [0.05, 3.0, 2.0], ""material"": ""glass""}]"
27,episode-27,"[0.0, 0.0, 0.3]","[""ultrasound"", ""wifi"", ""uwb""]","[{""id"": 1, ""kind"": ""floor"", ""center"": [0.0, 0.0, 0.0], ""size"": [3.0, 3.0, 0.1], ""material"": ""wood""}, {""id"": 2, ""kind"": ""wall"", ""center"": [1.0, 0.0, 1.25], ""size"": [0.1, 3.0, 2.5], ""material"": ""wood""}, {""id"": 3, ""kind"": ""table"", ""center"": [0.0, 0.0, 0.4], ""size"": [1.2, 0.6, 0.05], ""material"": ""wood""}, {""id"": 4, ""kind"": ""human"", ""center"": [0.0, 0.0, 0.8], ""size"": [0.6, 0.4, 0.7], ""material"": ""human""}, {""id"": 5, ""kind"": ""cup"", ""center"": [0.0, 0.0, 0.75], ""size"": [0.08, 0.08, 0.1], ""material"": ""ceramic""}, {""id"": 6, ""kind"": ""glass_wall"", ""center"": [-1.45, 0.0, 1.25], ""size"": [0.05, 3.0, 2.0], ""material"": ""glass""}]"
28,episode-28,"[0.0, 0.0, 0.3]","[""ultrasound"", ""wifi"", ""uwb""]","[{""id"": 1, ""kind"": ""floor"", ""center"": [0.0, 0.0, 0.0], ""size"": [3.0, 3.0, 0.1], ""material"": ""wood""}, {""id"": 2, ""kind"": ""wall"", ""center"": [1.0, 0.0, 1.25], ""size"": [0.1, 3.0, 2.5], ""material"": ""wood""}, {""id"": 3, ""kind"": ""table"", ""center"": [0.0, 0.0, 0.4], ""size"": [1.2, 0.6, 0.05], ""material"": ""wood""}, {""id"": 4, ""kind"": ""human"", ""center"": [0.0, 0.0, 0.8], ""size"": [0.6, 0.4, 0.7], ""material"": ""human""}, {""id"": 5, ""kind"": ""cup"", ""center"": [0.0, 0.0, 0.75], ""size"": [0.08, 0.08, 0.1], ""material"": ""ceramic""}, {""id"": 6, ""kind"": ""glass_wall"", ""center"": [-1.45, 0.0, 1.25], ""size"": [0.05, 3.0, 2.0], ""material"": ""glass""}]"
29,episode-29,"[0.0, 0.0, 0.3]","[""ultrasound"", ""wifi"", ""uwb""]","[{""id"": 1, ""kind"": ""floor"", ""center"": [0.0, 0.0, 0.0], ""size"": [3.0, 3.0, 0.1], ""material"": ""wood""}, {""id"": 2, ""kind"": ""wall"", ""center"": [1.0, 0.0, 1.25], ""size"": [0.1, 3.0, 2.5], ""material"": ""wood""}, {""id"": 3, ""kind"": ""table"", ""center"": [0.0, 0.0, 0.4], ""size"": [1.2, 0.6, 0.05], ""material"": ""wood""}, {""id"": 4, ""kind"": ""human"", ""center"": [0.0, 0.0, 0.8], ""size"": [0.6, 0.4, 0.7], ""material"": ""human""}, {""id"": 5, ""kind"": ""cup"", ""center"": [0.0, 0.0, 0.75], ""size"": [0.08, 0.08, 0.1], ""material"": ""ceramic""}, {""id"": 6, ""kind"": ""glass_wall"", ""center"": [-1.45, 0.0, 1.25], ""size"": [0.05, 3.0, 2.0], ""material"": ""glass""}]"
30,episode-30,"[0.0, 0.0, 0.3]","[""ultrasound"", ""wifi"", ""uwb""]","[{""id"": 1, ""kind"": ""floor"", ""center"": [0.0, 0.0, 0.0], ""size"": [3.0, 3.0, 0.1], ""material"": ""wood""}, {""id"": 2, ""kind"": ""wall"", ""center"": [1.0, 0.0, 1.25], ""size"": [0.1, 3.0, 2.5], ""material"": ""wood""}, {""id"": 3, ""kind"": ""table"", ""center"": [0.0, 0.0, 0.4], ""size"": [1.2, 0.6, 0.05], ""material"": ""wood""}, {""id"": 4, ""kind"": ""human"", ""center"": [0.0, 0.0, 0.8], ""size"": [0.6, 0.4, 0.7], ""material"": ""human""}, {""id"": 5, ""kind"": ""cup"", ""center"": [0.0, 0.0, 0.75], ""size"": [0.08, 0.08, 0.1], ""material"": ""ceramic""}, {""id"": 6, ""kind"": ""glass_wall"", ""center"": [-1.45, 0.0, 1.25], ""size"": [0.05, 3.0, 2.0], ""material"": ""glass""}]"
31,episode-31,"[0.0, 0.0, 0.3]","[""ultrasound"", ""wifi"", ""uwb""]","[{""id"": 1, ""kind"": ""floor"", ""center"": [0.0, 0.0, 0.0], ""size"": [3.0, 3.0, 0.1], ""material"": ""wood""}, {""id"": 2, ""kind"": ""wall"", ""center"": [1.0, 0.0, 1.25], ""size"": [0.1, 3.0, 2.5], ""material"": ""wood""}, {""id"": 3, ""kind"": ""table"", ""center"": [0.0, 0.0, 0.4], ""size"": [1.2, 0.6, 0.05], ""material"": ""wood""}, {""id"": 4, ""kind"": ""human"", ""center"": [0.0, 0.0, 0.8], ""size"": [0.6, 0.4, 0.7], ""material"": ""human""}, {""id"": 5, ""kind"": ""cup"", ""center"": [0.0, 0.0, 0.75], ""size"": [0.08, 0.08, 0.1], ""material"": ""ceramic""}, {""id"": 6, ""kind"": ""glass_wall"", ""center"": [-1.45, 0.0, 1.25], ""size"": [0.05, 3.0, 2.0], ""material"": ""glass""}]"
32,episode-32,"[0.0, 0.0, 0.3]","[""ultrasound"", ""wifi"", ""uwb""]","[{""id"": 1, ""kind"": ""floor"", ""center"": [0.0, 0.0, 0.0], ""size"": [3.0, 3.0, 0.1], ""material"": ""wood""}, {""id"": 2, ""kind"": ""wall"", ""center"": [1.0, 0.0, 1.25], ""size"": [0.1, 3.0, 2.5], ""material"": ""wood""}, {""id"": 3, ""kind"": ""table"", ""center"": [0.0, 0.0, 0.4], ""size"": [1.2, 0.6, 0.05], ""material"": ""wood""}, {""id"": 4, ""kind"": ""human"", ""center"": [0.0, 0.0, 0.8], ""size"": [0.6, 0.4, 0.7], ""material"": ""human""}, {""id"": 5, ""kind"": ""cup"", ""center"": [0.0, 0.0, 0.75], ""size"": [0.08, 0.08, 0.1], ""material"": ""ceramic""}, {""id"": 6, ""kind"": ""glass_wall"", ""center"": [-1.45, 0.0, 1.25], ""size"": [0.05, 3.0, 2.0], ""material"": ""glass""}]"
33,episode-33,"[0.0, 0.0, 0.3]","[""ultrasound"", ""wifi"", ""uwb""]","[{""id"": 1, ""kind"": ""floor"", ""center"": [0.0, 0.0, 0.0], ""size"": [3.0, 3.0, 0.1], ""material"": ""wood""}, {""id"": 2, ""kind"": ""wall"", ""center"": [1.0, 0.0, 1.25], ""size"": [0.1, 3.0, 2.5], ""material"": ""wood""}, {""id"": 3, ""kind"": ""table"", ""center"": [0.0, 0.0, 0.4], ""size"": [1.2, 0.6, 0.05], ""material"": ""wood""}, {""id"": 4, ""kind"": ""human"", ""center"": [0.0, 0.0, 0.8], ""size"": [0.6, 0.4, 0.7], ""material"": ""human""}, {""id"": 5, ""kind"": ""cup"", ""center"": [0.0, 0.0, 0.75], ""size"": [0.08, 0.08, 0.1], ""material"": ""ceramic""}, {""id"": 6, ""kind"": ""glass_wall"", ""center"": [-1.45, 0.0, 1.25], ""size"": [0.05, 3.0, 2.0], ""material"": ""glass""}]"
34,episode-34,"[0.0, 0.0, 0.3]","[""ultrasound"", ""wifi"", ""uwb""]","[{""id"": 1, ""kind"": ""floor"", ""center"": [0.0, 0.0, 0.0], ""size"": [3.0, 3.0, 0.1], ""material"": ""wood""}, {""id"": 2, ""kind"": ""wall"", ""center"": [1.0, 0.0, 1.25], ""size"": [0.1, 3.0, 2.5], ""material"": ""wood""}, {""id"": 3, ""kind"": ""table"", ""center"": [0.0, 0.0, 0.4], ""size"": [1.2, 0.6, 0.05], ""material"": ""wood""}, {""id"": 4, ""kind"": ""human"", ""center"": [0.0, 0.0, 0.8], ""size"": [0.6, 0.4, 0.7], ""material"": ""human""}, {""id"": 5, ""kind"": ""cup"", ""center"": [0.0, 0.0, 0.75], ""size"": [0.08, 0.08, 0.1], ""material"": ""ceramic""}, {""id"": 6, ""kind"": ""glass_wall"", ""center"": [-1.45, 0.0, 1.25], ""size"": [0.05, 3.0, 2.0], ""material"": ""glass""}]"
35,episode-35,"[0.0, 0.0, 0.3]","[""ultrasound"", ""wifi"", ""uwb""]","[{""id"": 1, ""kind"": ""floor"", ""center"": [0.0, 0.0, 0.0], ""size"": [3.0, 3.0, 0.1], ""material"": ""wood""}, {""id"": 2, ""kind"": ""wall"", ""center"": [1.0, 0.0, 1.25], ""size"": [0.1, 3.0, 2.5], ""material"": ""wood""}, {""id"": 3, ""kind"": ""table"", ""center"": [0.0, 0.0, 0.4], ""size"": [1.2, 0.6, 0.05], ""material"": ""wood""}, {""id"": 4, ""kind"": ""human"", ""center"": [0.0, 0.0, 0.8], ""size"": [0.6, 0.4, 0.7], ""material"": ""human""}, {""id"": 5, ""kind"": ""cup"", ""center"": [0.0, 0.0, 0.75], ""size"": [0.08, 0.08, 0.1], ""material"": ""ceramic""}, {""id"": 6, ""kind"": ""glass_wall"", ""center"": [-1.45, 0.0, 1.25], ""size"": [0.05, 3.0, 2.0], ""material"": ""glass""}]"
36,episode-36,"[0.0, 0.0, 0.3]","[""ultrasound"", ""wifi"", ""uwb""]","[{""id"": 1, ""kind"": ""floor"", ""center"": [0.0, 0.0, 0.0], ""size"": [3.0, 3.0, 0.1], ""material"": ""wood""}, {""id"": 2, ""kind"": ""wall"", ""center"": [1.0, 0.0, 1.25], ""size"": [0.1, 3.0, 2.5], ""material"": ""wood""}, {""id"": 3, ""kind"": ""table"", ""center"": [0.0, 0.0, 0.4], ""size"": [1.2, 0.6, 0.05], ""material"": ""wood""}, {""id"": 4, ""kind"": ""human"", ""center"": [0.0, 0.0, 0.8], ""size"": [0.6, 0.4, 0.7], ""material"": ""human""}, {""id"": 5, ""kind"": ""cup"", ""center"": [0.0, 0.0, 0.75], ""size"": [0.08, 0.08, 0.1], ""material"": ""ceramic""}, {""id"": 6, ""kind"": ""glass_wall"", ""center"": [-1.45, 0.0, 1.25], ""size"": [0.05, 3.0, 2.0], ""material"": ""glass""}]"
37,episode-37,"[0.0, 0.0, 0.3]","[""ultrasound"", ""wifi"", ""uwb""]","[{""id"": 1, ""kind"": ""floor"", ""center"": [0.0, 0.0, 0.0], ""size"": [3.0, 3.0, 0.1], ""material"": ""wood""}, {""id"": 2, ""kind"": ""wall"", ""center"": [1.0, 0.0, 1.25], ""size"": [0.1, 3.0, 2.5], ""material"": ""wood""}, {""id"": 3, ""kind"": ""table"", ""center"": [0.0, 0.0, 0.4], ""size"": [1.2, 0.6, 0.05], ""material"": ""wood""}, {""id"": 4, ""kind"": ""human"", ""center"": [0.0, 0.0, 0.8], ""size"": [0.6, 0.4, 0.7], ""material"": ""human""}, {""id"": 5, ""kind"": ""cup"", ""center"": [0.0, 0.0, 0.75], ""size"": [0.08, 0.08, 0.1], ""material"": ""ceramic""}, {""id"": 6, ""kind"": ""glass_wall"", ""center"": [-1.45, 0.0, 1.25], ""size"": [0.05, 3.0, 2.0], ""material"": ""glass""}]"
38,episode-38,"[0.0, 0.0, 0.3]","[""ultrasound"", ""wifi"", ""uwb""]","[{""id"": 1, ""kind"": ""floor"", ""center"": [0.0, 0.0, 0.0], ""size"": [3.0, 3.0, 0.1], ""material"": ""wood""}, {""id"": 2, ""kind"": ""wall"", ""center"": [1.0, 0.0, 1.25], ""size"": [0.1, 3.0, 2.5], ""material"": ""wood""}, {""id"": 3, ""kind"": ""table"", ""center"": [0.0, 0.0, 0.4], ""size"": [1.2, 0.6, 0.05], ""material"": ""wood""}, {""id"": 4, ""kind"": ""human"", ""center"": [0.0, 0.0, 0.8], ""size"": [0.6, 0.4, 0.7], ""material"": ""human""}, {""id"": 5, ""kind"": ""cup"", ""center"": [0.0, 0.0, 0.75], ""size"": [0.08, 0.08, 0.1], ""material"": ""ceramic""}, {""id"": 6, ""kind"": ""glass_wall"", ""center"": [-1.45, 0.0, 1.25], ""size"": [0.05, 3.0, 2.0], ""material"": ""glass""}]"
39,episode-39,"[0.0, 0.0, 0.3]","[""ultrasound"", ""wifi"", ""uwb""]","[{""id"": 1, ""kind"": ""floor"", ""center"": [0.0, 0.0, 0.0], ""size"": [3.0, 3.0, 0.1], ""material"": ""wood""}, {""id"": 2, ""kind"": ""wall"", ""center"": [1.0, 0.0, 1.25], ""size"": [0.1, 3.0, 2.5], ""material"": ""wood""}, {""id"": 3, ""kind"": ""table"", ""center"": [0.0, 0.0, 0.4], ""size"": [1.2, 0.6, 0.05], ""material"": ""wood""}, {""id"": 4, ""kind"": ""human"", ""center"": [0.0, 0.0, 0.8], ""size"": [0.6, 0.4, 0.7], ""material"": ""human""}, {""id"": 5, ""kind"": ""cup"", ""center"": [0.0, 0.0, 0.75], ""size"": [0.08, 0.08, 0.1], ""material"": ""ceramic""}, {""id"": 6, ""kind"": ""glass_wall"", ""center"": [-1.45, 0.0, 1.25], ""size"": [0.05, 3.0, 2.0], ""material"": ""glass""}]"
40,episode-40,"[0.0, 0.0, 0.3]","[""ultrasound"", ""wifi"", ""uwb""]","[{""id"": 1, ""kind"": ""floor"", ""center"": [0.0, 0.0, 0.0], ""size"": [3.0, 3.0, 0.1], ""material"": ""wood""}, {""id"": 2, ""kind"": ""wall"", ""center"": [1.0, 0.0, 1.25], ""size"": [0.1, 3.0, 2.5], ""material"": ""wood""}, {""id"": 3, ""kind"": ""table"", ""center"": [0.0, 0.0, 0.4], ""size"": [1.2, 0.6, 0.05], ""material"": ""wood""}, {""id"": 4, ""kind"": ""human"", ""center"": [0.0, 0.0, 0.8], ""size"": [0.6, 0.4, 0.7], ""material"": ""human""}, {""id"": 5, ""kind"": ""cup"", ""center"": [0.0, 0.0, 0.75], ""size"": [0.08, 0.08, 0.1], ""material"": ""ceramic""}, {""id"": 6, ""kind"": ""glass_wall"", ""center"": [-1.45, 0.0, 1.25], ""size"": [0.05, 3.0, 2.0], ""material"": ""glass""}]"
41,episode-41,"[0.0, 0.0, 0.3]","[""ultrasound"", ""wifi"", ""uwb""]","[{""id"": 1, ""kind"": ""floor"", ""center"": [0.0, 0.0, 0.0], ""size"": [3.0, 3.0, 0.1], ""material"": ""wood""}, {""id"": 2, ""kind"": ""wall"", ""center"": [1.0, 0.0, 1.25], ""size"": [0.1, 3.0, 2.5], ""material"": ""wood""}, {""id"": 3, ""kind"": ""table"", ""center"": [0.0, 0.0, 0.4], ""size"": [1.2, 0.6, 0.05], ""material"": ""wood""}, {""id"": 4, ""kind"": ""human"", ""center"": [0.0, 0.0, 0.8], ""size"": [0.6, 0.4, 0.7], ""material"": ""human""}, {""id"": 5, ""kind"": ""cup"", ""center"": [0.0, 0.0, 0.75], ""size"": [0.08, 0.08, 0.1], ""material"": ""ceramic""}, {""id"": 6, ""kind"": ""glass_wall"", ""center"": [-1.45, 0.0, 1.25], ""size"": [0.05, 3.0, 2.0], ""material"": ""glass""}]"
42,episode-42,"[0.0, 0.0, 0.3]","[""ultrasound"", ""wifi"", ""uwb""]","[{""id"": 1, ""kind"": ""floor"", ""center"": [0.0, 0.0, 0.0], ""size"": [3.0, 3.0, 0.1], ""material"": ""wood""}, {""id"": 2, ""kind"": ""wall"", ""center"": [1.0, 0.0, 1.25], ""size"": [0.1, 3.0, 2.5], ""material"": ""wood""}, {""id"": 3, ""kind"": ""table"", ""center"": [0.0, 0.0, 0.4], ""size"": [1.2, 0.6, 0.05], ""material"": ""wood""}, {""id"": 4, ""kind"": ""human"", ""center"": [0.0, 0.0, 0.8], ""size"": [0.6, 0.4, 0.7], ""material"": ""human""}, {""id"": 5, ""kind"": ""cup"", ""center"": [0.0, 0.0, 0.75], ""size"": [0.08, 0.08, 0.1], ""material"": ""ceramic""}, {""id"": 6, ""kind"": ""glass_wall"", ""center"": [-1.45, 0.0, 1.25], ""size"": [0.05, 3.0, 2.0], ""material"": ""glass""}]"
43,episode-43,"[0.0, 0.0, 0.3]","[""ultrasound"", ""wifi"", ""uwb""]","[{""id"": 1, ""kind"": ""floor"", ""center"": [0.0, 0.0, 0.0], ""size"": [3.0, 3.0, 0.1], ""material"": ""wood""}, {""id"": 2, ""kind"": ""wall"", ""center"": [1.0, 0.0, 1.25], ""size"": [0.1, 3.0, 2.5], ""material"": ""wood""}, {""id"": 3, ""kind"": ""table"", ""center"": [0.0, 0.0, 0.4], ""size"": [1.2, 0.6, 0.05], ""material"": ""wood""}, {""id"": 4, ""kind"": ""human"", ""center"": [0.0, 0.0, 0.8], ""size"": [0.6, 0.4, 0.7], ""material"": ""human""}, {""id"": 5, ""kind"": ""cup"", ""center"": [0.0, 0.0, 0.75], ""size"": [0.08, 0.08, 0.1], ""material"": ""ceramic""}, {""id"": 6, ""kind"": ""glass_wall"", ""center"": [-1.45, 0.0, 1.25], ""size"": [0.05, 3.0, 2.0], ""material"": ""glass""}]"
44,episode-44,"[0.0, 0.0, 0.3]","[""ultrasound"", ""wifi"", ""uwb""]","[{""id"": 1, ""kind"": ""floor"", ""center"": [0.0, 0.0, 0.0], ""size"": [3.0, 3.0, 0.1], ""material"": ""wood""}, {""id"": 2, ""kind"": ""wall"", ""center"": [1.0, 0.0, 1.25], ""size"": [0.1, 3.0, 2.5], ""material"": ""wood""}, {""id"": 3, ""kind"": ""table"", ""center"": [0.0, 0.0, 0.4], ""size"": [1.2, 0.6, 0.05], ""material"": ""wood""}, {""id"": 4, ""kind"": ""human"", ""center"": [0.0, 0.0, 0.8], ""size"": [0.6, 0.4, 0.7], ""material"": ""human""}, {""id"": 5, ""kind"": ""cup"", ""center"": [0.0, 0.0, 0.75], ""size"": [0.08, 0.08, 0.1], ""material"": ""ceramic""}, {""id"": 6, ""kind"": ""glass_wall"", ""center"": [-1.45, 0.0, 1.25], ""size"": [0.05, 3.0, 2.0], ""material"": ""glass""}]"
45,episode-45,"[0.0, 0.0, 0.3]","[""ultrasound"", ""wifi"", ""uwb""]","[{""id"": 1, ""kind"": ""floor"", ""center"": [0.0, 0.0, 0.0], ""size"": [3.0, 3.0, 0.1], ""material"": ""wood""}, {""id"": 2, ""kind"": ""wall"", ""center"": [1.0, 0.0, 1.25], ""size"": [0.1, 3.0, 2.5], ""material"": ""wood""}, {""id"": 3, ""kind"": ""table"", ""center"": [0.0, 0.0, 0.4], ""size"": [1.2, 0.6, 0.05], ""material"": ""wood""}, {""id"": 4, ""kind"": ""human"", ""center"": [0.0, 0.0, 0.8], ""size"": [0.6, 0.4, 0.7], ""material"": ""human""}, {""id"": 5, ""kind"": ""cup"", ""center"": [0.0, 0.0, 0.75], ""size"": [0.08, 0.08, 0.1], ""material"": ""ceramic""}, {""id"": 6, ""kind"": ""glass_wall"", ""center"": [-1.45, 0.0, 1.25], ""size"": [0.05, 3.0, 2.0], ""material"": ""glass""}]"
46,episode-46,"[0.0, 0.0, 0.3]","[""ultrasound"", ""wifi"", ""uwb""]","[{""id"": 1, ""kind"": ""floor"", ""center"": [0.0, 0.0, 0.0], ""size"": [3.0, 3.0, 0.1], ""material"": ""wood""}, {""id"": 2, ""kind"": ""wall"", ""center"": [1.0, 0.0, 1.25], ""size"": [0.1, 3.0, 2.5], ""material"": ""wood""}, {""id"": 3, ""kind"": ""table"", ""center"": [0.0, 0.0, 0.4], ""size"": [1.2, 0.6, 0.05], ""material"": ""wood""}, {""id"": 4, ""kind"": ""human"", ""center"": [0.0, 0.0, 0.8], ""size"": [0.6, 0.4, 0.7], ""material"": ""human""}, {""id"": 5, ""kind"": ""cup"", ""center"": [0.0, 0.0, 0.75], ""size"": [0.08, 0.08, 0.1], ""material"": ""ceramic""}, {""id"": 6, ""kind"": ""glass_wall"", ""center"": [-1.45, 0.0, 1.25], ""size"": [0.05, 3.0, 2.0], ""material"": ""glass""}]"
47,episode-47,"[0.0, 0.0, 0.3]","[""ultrasound"", ""wifi"", ""uwb""]","[{""id"": 1, ""kind"": ""floor"", ""center"": [0.0, 0.0, 0.0], ""size"": [3.0, 3.0, 0.1], ""material"": ""wood""}, {""id"": 2, ""kind"": ""wall"", ""center"": [1.0, 0.0, 1.25], ""size"": [0.1, 3.0, 2.5], ""material"": ""wood""}, {""id"": 3, ""kind"": ""table"", ""center"": [0.0, 0.0, 0.4], ""size"": [1.2, 0.6, 0.05], ""material"": ""wood""}, {""id"": 4, ""kind"": ""human"", ""center"": [0.0, 0.0, 0.8], ""size"": [0.6, 0.4, 0.7], ""material"": ""human""}, {""id"": 5, ""kind"": ""cup"", ""center"": [0.0, 0.0, 0.75], ""size"": [0.08, 0.08, 0.1], ""material"": ""ceramic""}, {""id"": 6, ""kind"": ""glass_wall"", ""center"": [-1.45, 0.0, 1.25], ""size"": [0.05, 3.0, 2.0], ""material"": ""glass""}]"
48,episode-48,"[0.0, 0.0, 0.3]","[""ultrasound"", ""wifi"", ""uwb""]","[{""id"": 1, ""kind"": ""floor"", ""center"": [0.0, 0.0, 0.0], ""size"": [3.0, 3.0, 0.1], ""material"": ""wood""}, {""id"": 2, ""kind"": ""wall"", ""center"": [1.0, 0.0, 1.25], ""size"": [0.1, 3.0, 2.5], ""material"": ""wood""}, {""id"": 3, ""kind"": ""table"", ""center"": [0.0, 0.0, 0.4], ""size"": [1.2, 0.6, 0.05], ""material"": ""wood""}, {""id"": 4, ""kind"": ""human"", ""center"": [0.0, 0.0, 0.8], ""size"": [0.6, 0.4, 0.7], ""material"": ""human""}, {""id"": 5, ""kind"": ""cup"", ""center"": [0.0, 0.0, 0.75], ""size"": [0.08, 0.08, 0.1], ""material"": ""ceramic""}, {""id"": 6, ""kind"": ""glass_wall"", ""center"": [-1.45, 0.0, 1.25], ""size"": [0.05, 3.0, 2.0], ""material"": ""glass""}]"
49,episode-49,"[0.0, 0.0, 0.3]","[""ultrasound"", ""wifi"", ""uwb""]","[{""id"": 1, ""kind"": ""floor"", ""center"": [0.0, 0.0, 0.0], ""size"": [3.0, 3.0, 0.1], ""material"": ""wood""}, {""id"": 2, ""kind"": ""wall"", ""center"": [1.0, 0.0, 1.25], ""size"": [0.1, 3.0, 2.5], ""material"": ""wood""}, {""id"": 3, ""kind"": ""table"", ""center"": [0.0, 0.0, 0.4], ""size"": [1.2, 0.6, 0.05], ""material"": ""wood""}, {""id"": 4, ""kind"": ""human"", ""center"": [0.0, 0.0, 0.8], ""size"": [0.6, 0.4, 0.7], ""material"": ""human""}, {""id"": 5, ""kind"": ""cup"", ""center"": [0.0, 0.0, 0.75], ""size"": [0.08, 0.08, 0.1], ""material"": ""ceramic""}, {""id"": 6, ""kind"": ""glass_wall"", ""center"": [-1.45, 0.0, 1.25], ""size"": [0.05, 3.0, 2.0], ""material"": ""glass""}]"
50,episode-50,"[0.0, 0.0, 0.3]","[""ultrasound"", ""wifi"", ""uwb""]","[{""id"": 1, ""kind"": ""floor"", ""center"": [0.0, 0.0, 0.0], ""size"": [3.0, 3.0, 0.1], ""material"": ""wood""}, {""id"": 2, ""kind"": ""wall"", ""center"": [1.0, 0.0, 1.25], ""size"": [0.1, 3.0, 2.5], ""material"": ""wood""}, {""id"": 3, ""kind"": ""table"", ""center"": [0.0, 0.0, 0.4], ""size"": [1.2, 0.6, 0.05], ""material"": ""wood""}, {""id"": 4, ""kind"": ""human"", ""center"": [0.0, 0.0, 0.8], ""size"": [0.6, 0.4, 0.7], ""material"": ""human""}, {""id"": 5, ""kind"": ""cup"", ""center"": [0.0, 0.0, 0.75], ""size"": [0.08, 0.08, 0.1], ""material"": ""ceramic""}, {""id"": 6, ""kind"": ""glass_wall"", ""center"": [-1.45, 0.0, 1.25], ""size"": [0.05, 3.0, 2.0], ""material"": ""glass""}]"
51,episode-51,"[0.0, 0.0, 0.3]","[""ultrasound"", ""wifi"", ""uwb""]","[{""id"": 1, ""kind"": ""floor"", ""center"": [0.0, 0.0, 0.0], ""size"": [3.0, 3.0, 0.1], ""material"": ""wood""}, {""id"": 2, ""kind"": ""wall"", ""center"": [1.0, 0.0, 1.25], ""size"": [0.1, 3.0, 2.5], ""material"": ""wood""}, {""id"": 3, ""kind"": ""table"", ""center"": [0.0, 0.0, 0.4], ""size"": [1.2, 0.6, 0.05], ""material"": ""wood""}, {""id"": 4, ""kind"": ""human"", ""center"": [0.0, 0.0, 0.8], ""size"": [0.6, 0.4, 0.7], ""material"": ""human""}, {""id"": 5, ""kind"": ""cup"", ""center"": [0.0, 0.0, 0.75], ""size"": [0.08, 0.08, 0.1], ""material"": ""ceramic""}, {""id"": 6, ""kind"": ""glass_wall"", ""center"": [-1.45, 0.0, 1.25], ""size"": [0.05, 3.0, 2.0], ""material"": ""glass""}]"
52,episode-52,"[0.0, 0.0, 0.3]","[""ultrasound"", ""wifi"", ""uwb""]","[{""id"": 1, ""kind"": ""floor"", ""center"": [0.0, 0.0, 0.0], ""size"": [3.0, 3.0, 0.1], ""material"": ""wood""}, {""id"": 2, ""kind"": ""wall"", ""center"": [1.0, 0.0, 1.25], ""size"": [0.1, 3.0, 2.5], ""material"": ""wood""}, {""id"": 3, ""kind"": ""table"", ""center"": [0.0, 0.0, 0.4], ""size"": [1.2, 0.6, 0.05], ""material"": ""wood""}, {""id"": 4, ""kind"": ""human"", ""center"": [0.0, 0.0, 0.8], ""size"": [0.6, 0.4, 0.7], ""material"": ""human""}, {""id"": 5, ""kind"": ""cup"", ""center"": [0.0, 0.0, 0.75], ""size"": [0.08, 0.08, 0.1], ""material"": ""ceramic""}, {""id"": 6, ""kind"": ""glass_wall"", ""center"": [-1.45, 0.0, 1.25], ""size"": [0.05, 3.0, 2.0], ""material"": ""glass""}]"
53,episode-53,"[0.0, 0.0, 0.3]","[""ultrasound"", ""wifi"", ""uwb""]","[{""id"": 1, ""kind"": ""floor"", ""center"": [0.0, 0.0, 0.0], ""size"": [3.0, 3.0, 0.1], ""material"": ""wood""}, {""id"": 2, ""kind"": ""wall"", ""center"": [1.0, 0.0, 1.25], ""size"": [0.1, 3.0, 2.5], ""material"": ""wood""}, {""id"": 3, ""kind"": ""table"", ""center"": [0.0, 0.0, 0.4], ""size"": [1.2, 0.6, 0.05], ""material"": ""wood""}, {""id"": 4, ""kind"": ""human"", ""center"": [0.0, 0.0, 0.8], ""size"": [0.6, 0.4, 0.7], ""material"": ""human""}, {""id"": 5, ""kind"": ""cup"", ""center"": [0.0, 0.0, 0.75], ""size"": [0.08, 0.08, 0.1], ""material"": ""ceramic""}, {""id"": 6, ""kind"": ""glass_wall"", ""center"": [-1.45, 0.0, 1.25], ""size"": [0.05, 3.0, 2.0], ""material"": ""glass""}]"
54,episode-54,"[0.0, 0.0, 0.3]","[""ultrasound"", ""wifi"", ""uwb""]","[{""id"": 1, ""kind"": ""floor"", ""center"": [0.0, 0.0, 0.0], ""size"": [3.0, 3.0, 0.1], ""material"": ""wood""}, {""id"": 2, ""kind"": ""wall"", ""center"": [1.0, 0.0, 1.25], ""size"": [0.1, 3.0, 2.5], ""material"": ""wood""}, {""id"": 3, ""kind"": ""table"", ""center"": [0.0, 0.0, 0.4], ""size"": [1.2, 0.6, 0.05], ""material"": ""wood""}, {""id"": 4, ""kind"": ""human"", ""center"": [0.0, 0.0, 0.8], ""size"": [0.6, 0.4, 0.7], ""material"": ""human""}, {""id"": 5, ""kind"": ""cup"", ""center"": [0.0, 0.0, 0.75], ""size"": [0.08, 0.08, 0.1], ""material"": ""ceramic""}, {""id"": 6, ""kind"": ""glass_wall"", ""center"": [-1.45, 0.0, 1.25], ""size"": [0.05, 3.0, 2.0], ""material"": ""glass""}]"
55,episode-55,"[0.0, 0.0, 0.3]","[""ultrasound"", ""wifi"", ""uwb""]","[{""id"": 1, ""kind"": ""floor"", ""center"": [0.0, 0.0, 0.0], ""size"": [3.0, 3.0, 0.1], ""material"": ""wood""}, {""id"": 2, ""kind"": ""wall"", ""center"": [1.0, 0.0, 1.25], ""size"": [0.1, 3.0, 2.5], ""material"": ""wood""}, {""id"": 3, ""kind"": ""table"", ""center"": [0.0, 0.0, 0.4], ""size"": [1.2, 0.6, 0.05], ""material"": ""wood""}, {""id"": 4, ""kind"": ""human"", ""center"": [0.0, 0.0, 0.8], ""size"": [0.6, 0.4, 0.7], ""material"": ""human""}, {""id"": 5, ""kind"": ""cup"", ""center"": [0.0, 0.0, 0.75], ""size"": [0.08, 0.08, 0.1], ""material"": ""ceramic""}, {""id"": 6, ""kind"": ""glass_wall"", ""center"": [-1.45, 0.0, 1.25], ""size"": [0.05, 3.0, 2.0], ""material"": ""glass""}]"
56,episode-56,"[0.0, 0.0, 0.3]","[""ultrasound"", ""wifi"", ""uwb""]","[{""id"": 1, ""kind"": ""floor"", ""center"": [0.0, 0.0, 0.0], ""size"": [3.0, 3.0, 0.1], ""material"": ""wood""}, {""id"": 2, ""kind"": ""wall"", ""center"": [1.0, 0.0, 1.25], ""size"": [0.1, 3.0, 2.5], ""material"": ""wood""}, {""id"": 3, ""kind"": ""table"", ""center"": [0.0, 0.0, 0.4], ""size"": [1.2, 0.6, 0.05], ""material"": ""wood""}, {""id"": 4, ""kind"": ""human"", ""center"": [0.0, 0.0, 0.8], ""size"": [0.6, 0.4, 0.7], ""material"": ""human""}, {""id"": 5, ""kind"": ""cup"", ""center"": [0.0, 0.0, 0.75], ""size"": [0.08, 0.08, 0.1], ""material"": ""ceramic""}, {""id"": 6, ""kind"": ""glass_wall"", ""center"": [-1.45, 0.0, 1.25], ""size"": [0.05, 3.0, 2.0], ""material"": ""glass""}]"
57,episode-57,"[0.0, 0.0, 0.3]","[""ultrasound"", ""wifi"", ""uwb""]","[{""id"": 1, ""kind"": ""floor"", ""center"": [0.0, 0.0, 0.0], ""size"": [3.0, 3.0, 0.1], ""material"": ""wood""}, {""id"": 2, ""kind"": ""wall"", ""center"": [1.0, 0.0, 1.25], ""size"": [0.1, 3.0, 2.5], ""material"": ""wood""}, {""id"": 3, ""kind"": ""table"", ""center"": [0.0, 0.0, 0.4], ""size"": [1.2, 0.6, 0.05], ""material"": ""wood""}, {""id"": 4, ""kind"": ""human"", ""center"": [0.0, 0.0, 0.8], ""size"": [0.6, 0.4, 0.7], ""material"": ""human""}, {""id"": 5, ""kind"": ""cup"", ""center"": [0.0, 0.0, 0.75], ""size"": [0.08, 0.08, 0.1], ""material"": ""ceramic""}, {""id"": 6, ""kind"": ""glass_wall"", ""center"": [-1.45, 0.0, 1.25], ""size"": [0.05, 3.0, 2.0], ""material"": ""glass""}]"
58,episode-58,"[0.0, 0.0, 0.3]","[""ultrasound"", ""wifi"", ""uwb""]","[{""id"": 1, ""kind"": ""floor"", ""center"": [0.0, 0.0, 0.0], ""size"": [3.0, 3.0, 0.1], ""material"": ""wood""}, {""id"": 2, ""kind"": ""wall"", ""center"": [1.0, 0.0, 1.25], ""size"": [0.1, 3.0, 2.5], ""material"": ""wood""}, {""id"": 3, ""kind"": ""table"", ""center"": [0.0, 0.0, 0.4], ""size"": [1.2, 0.6, 0.05], ""material"": ""wood""}, {""id"": 4, ""kind"": ""human"", ""center"": [0.0, 0.0, 0.8], ""size"": [0.6, 0.4, 0.7], ""material"": ""human""}, {""id"": 5, ""kind"": ""cup"", ""center"": [0.0, 0.0, 0.75], ""size"": [0.08, 0.08, 0.1], ""material"": ""ceramic""}, {""id"": 6, ""kind"": ""glass_wall"", ""center"": [-1.45, 0.0, 1.25], ""size"": [0.05, 3.0, 2.0], ""material"": ""glass""}]"
59,episode-59,"[0.0, 0.0, 0.3]","[""ultrasound"", ""wifi"", ""uwb""]","[{""id"": 1, ""kind"": ""floor"", ""center"": [0.0, 0.0, 0.0], ""size"": [3.0, 3.0, 0.1], ""material"": ""wood""}, {""id"": 2, ""kind"": ""wall"", ""center"": [1.0, 0.0, 1.25], ""size"": [0.1, 3.0, 2.5], ""material"": ""wood""}, {""id"": 3, ""kind"": ""table"", ""center"": [0.0, 0.0, 0.4], ""size"": [1.2, 0.6, 0.05], ""material"": ""wood""}, {""id"": 4, ""kind"": ""human"", ""center"": [0.0, 0.0, 0.8], ""size"": [0.6, 0.4, 0.7], ""material"": ""human""}, {""id"": 5, ""kind"": ""cup"", ""center"": [0.0, 0.0, 0.75], ""size"": [0.08, 0.08, 0.1], ""material"": ""ceramic""}, {""id"": 6, ""kind"": ""glass_wall"", ""center"": [-1.45, 0.0, 1.25], ""size"": [0.05, 3.0, 2.0], ""material"": ""glass""}]"
60,episode-60,"[0.0, 0.0, 0.3]","[""ultrasound"", ""wifi"", ""uwb""]","[{""id"": 1, ""kind"": ""floor"", ""center"": [0.0, 0.0, 0.0], ""size"": [3.0, 3.0, 0.1], ""material"": ""wood""}, {""id"": 2, ""kind"": ""wall"", ""center"": [1.0, 0.0, 1.25], ""size"": [0.1, 3.0, 2.5], ""material"": ""wood""}, {""id"": 3, ""kind"": ""table"", ""center"": [0.0, 0.0, 0.4], ""size"": [1.2, 0.6, 0.05], ""material"": ""wood""}, {""id"": 4, ""kind"": ""human"", ""center"": [0.0, 0.0, 0.8], ""size"": [0.6, 0.4, 0.7], ""material"": ""human""}, {""id"": 5, ""kind"": ""cup"", ""center"": [0.0, 0.0, 0.75], ""size"": [0.08, 0.08, 0.1], ""material"": ""ceramic""}, {""id"": 6, ""kind"": ""glass_wall"", ""center"": [-1.45, 0.0, 1.25], ""size"": [0.05, 3.0, 2.0], ""material"": ""glass""}]"
61,episode-61,"[0.0, 0.0, 0.3]","[""ultrasound"", ""wifi"", ""uwb""]","[{""id"": 1, ""kind"": ""floor"", ""center"": [0.0, 0.0, 0.0], ""size"": [3.0, 3.0, 0.1], ""material"": ""wood""}, {""id"": 2, ""kind"": ""wall"", ""center"": [1.0, 0.0, 1.25], ""size"": [0.1, 3.0, 2.5], ""material"": ""wood""}, {""id"": 3, ""kind"": ""table"", ""center"": [0.0, 0.0, 0.4], ""size"": [1.2, 0.6, 0.05], ""material"": ""wood""}, {""id"": 4, ""kind"": ""human"", ""center"": [0.0, 0.0, 0.8], ""size"": [0.6, 0.4, 0.7], ""material"": ""human""}, {""id"": 5, ""kind"": ""cup"", ""center"": [0.0, 0.0, 0.75], ""size"": [0.08, 0.08, 0.1], ""material"": ""ceramic""}, {""id"": 6, ""kind"": ""glass_wall"", ""center"": [-1.45, 0.0, 1.25], ""size"": [0.05, 3.0, 2.0], ""material"": ""glass""}]"
62,episode-62,"[0.0, 0.0, 0.3]","[""ultrasound"", ""wifi"", ""uwb""]","[{""id"": 1, ""kind"": ""floor"", ""center"": [0.0, 0.0, 0.0], ""size"": [3.0, 3.0, 0.1], ""material"": ""wood""}, {""id"": 2, ""kind"": ""wall"", ""center"": [1.0, 0.0, 1.25], ""size"": [0.1, 3.0, 2.5], ""material"": ""wood""}, {""id"": 3, ""kind"": ""table"", ""center"": [0.0, 0.0, 0.4], ""size"": [1.2, 0.6, 0.05], ""material"": ""wood""}, {""id"": 4, ""kind"": ""human"", ""center"": [0.0, 0.0, 0.8], ""size"": [0.6, 0.4, 0.7], ""material"": ""human""}, {""id"": 5, ""kind"": ""cup"", ""center"": [0.0, 0.0, 0.75], ""size"": [0.08, 0.08, 0.1], ""material"": ""ceramic""}, {""id"": 6, ""kind"": ""glass_wall"", ""center"": [-1.45, 0.0, 1.25], ""size"": [0.05, 3.0, 2.0], ""material"": ""glass""}]"
63,episode-63,"[0.0, 0.0, 0.3]","[""ultrasound"", ""wifi"", ""uwb""]","[{""id"": 1, ""kind"": ""floor"", ""center"": [0.0, 0.0, 0.0], ""size"": [3.0, 3.0, 0.1], ""material"": ""wood""}, {""id"": 2, ""kind"": ""wall"", ""center"": [1.0, 0.0, 1.25], ""size"": [0.1, 3.0, 2.5], ""material"": ""wood""}, {""id"": 3, ""kind"": ""table"", ""center"": [0.0, 0.0, 0.4], ""size"": [1.2, 0.6, 0.05], ""material"": ""wood""}, {""id"": 4, ""kind"": ""human"", ""center"": [0.0, 0.0, 0.8], ""size"": [0.6, 0.4, 0.7], ""material"": ""human""}, {""id"": 5, ""kind"": ""cup"", ""center"": [0.0, 0.0, 0.75], ""size"": [0.08, 0.08, 0.1], ""material"": ""ceramic""}, {""id"": 6, ""kind"": ""glass_wall"", ""center"": [-1.45, 0.0, 1.25], ""size"": [0.05, 3.0, 2.0], ""material"": ""glass""}]"
64,episode-64,"[0.0, 0.0, 0.3]","[""ultrasound"", ""wifi"", ""uwb""]","[{""id"": 1, ""kind"": ""floor"", ""center"": [0.0, 0.0, 0.0], ""size"": [3.0, 3.0, 0.1], ""material"": ""wood""}, {""id"": 2, ""kind"": ""wall"", ""center"": [1.0, 0.0, 1.25], ""size"": [0.1, 3.0, 2.5], ""material"": ""wood""}, {""id"": 3, ""kind"": ""table"", ""center"": [0.0, 0.0, 0.4], ""size"": [1.2, 0.6, 0.05], ""material"": ""wood""}, {""id"": 4, ""kind"": ""human"", ""center"": [0.0, 0.0, 0.8], ""size"": [0.6, 0.4, 0.7], ""material"": ""human""}, {""id"": 5, ""kind"": ""cup"", ""center"": [0.0, 0.0, 0.75], ""size"": [0.08, 0.08, 0.1], ""material"": ""ceramic""}, {""id"": 6, ""kind"": ""glass_wall"", ""center"": [-1.45, 0.0, 1.25], ""size"": [0.05, 3.0, 2.0], ""material"": ""glass""}]"
